Timestamp,Max_CPU_Utilization_Node,Max_CPU_Utilization_Value
2023-08-09 13:19:24,Node_4,56.38327094024437
2023-08-09 09:55:07,Node_5,21.20216343177812
2023-08-09 17:47:15,Node_2,85.77323917041103
2023-08-09 17:07:34,Node_5,83.67309636925378
2023-08-09 11:09:46,Node_2,22.184575605819035
2023-08-09 14:06:06,Node_2,89.25686439356772
2023-08-09 16:53:16,Node_2,85.11441284217372
2023-08-09 12:12:06,Node_5,79.58839933799554
2023-08-09 10:18:30,Node_2,66.62683351809575
2023-08-09 10:30:18,Node_4,41.12775949160108
2023-08-09 09:12:22,Node_1,83.35354552779651
2023-08-09 15:22:37,Node_4,43.88281847013409
2023-08-09 08:15:23,Node_3,87.33121815328617
2023-08-09 17:24:43,Node_3,38.41130145411876
2023-08-09 17:47:52,Node_3,64.06766012070304
2023-08-09 08:10:54,Node_3,32.34663382998005
2023-08-09 08:31:47,Node_5,48.17251207119919
2023-08-09 14:18:55,Node_1,81.58008773987774
2023-08-09 11:45:12,Node_4,82.51146499450519
2023-08-09 10:33:58,Node_1,66.1510664549601
2023-08-09 14:16:40,Node_1,87.69889075558416
2023-08-09 10:34:38,Node_5,66.57145142134776
2023-08-09 14:54:59,Node_4,82.58939033841109
2023-08-09 10:02:20,Node_3,65.21170097321868
2023-08-09 09:08:28,Node_5,59.68678818398548
2023-08-09 13:33:55,Node_5,27.00327433480532
2023-08-09 14:51:31,Node_4,55.77107080325433
2023-08-09 14:14:49,Node_4,19.325468647785517
2023-08-09 12:04:25,Node_3,38.36081135974683
2023-08-09 11:17:30,Node_1,59.837798341228535
2023-08-09 09:25:57,Node_5,68.39351057938717
2023-08-09 15:34:06,Node_3,54.39982888769627
2023-08-09 16:39:05,Node_3,83.26656619761012
2023-08-09 12:05:24,Node_4,66.39430169464461
2023-08-09 16:05:11,Node_2,89.15638001429393
2023-08-09 11:05:57,Node_3,59.67747710795507
2023-08-09 13:18:59,Node_2,66.50241132444171
2023-08-09 14:28:35,Node_3,81.85724592064605
2023-08-09 11:19:58,Node_1,38.488629046684565
2023-08-09 14:37:08,Node_1,66.66132093032004
2023-08-09 17:11:55,Node_1,16.36034438249923
2023-08-09 11:04:40,Node_3,62.78981993738129
2023-08-09 15:41:42,Node_2,32.78367600367771
2023-08-09 08:50:39,Node_5,40.74251398333631
2023-08-09 10:10:37,Node_2,25.0627141152918
2023-08-09 08:30:52,Node_4,84.56249472053234
2023-08-09 11:55:50,Node_1,19.293431036282016
2023-08-09 16:01:02,Node_1,47.51072840758443
2023-08-09 12:21:52,Node_3,65.78815928181848
2023-08-09 17:54:21,Node_3,39.33130859008529
2023-08-09 12:18:51,Node_4,67.55729956123706
2023-08-09 16:23:13,Node_1,54.319996710526695
2023-08-09 14:57:13,Node_5,72.57971274328067
2023-08-09 13:29:34,Node_4,43.04442353281827
2023-08-09 12:33:52,Node_1,81.7872019723797
2023-08-09 14:46:23,Node_2,71.65238385455844
2023-08-09 12:43:27,Node_4,80.37416553905682
2023-08-09 16:31:10,Node_5,13.294225383573872
2023-08-09 16:02:02,Node_2,88.63731910463595
2023-08-09 09:43:18,Node_2,53.15680350922642
2023-08-09 12:39:04,Node_4,51.98781889775404
2023-08-09 17:59:43,Node_1,88.96375870137027
2023-08-09 10:45:40,Node_3,73.327895213396
2023-08-09 13:14:02,Node_1,56.49414344972446
2023-08-09 08:40:39,Node_5,66.95968773216156
2023-08-09 16:01:25,Node_4,80.35127008326563
2023-08-09 15:22:15,Node_3,23.883458018861965
2023-08-09 16:12:02,Node_1,81.72365497248514
2023-08-09 17:18:25,Node_4,89.88721012834418
2023-08-09 14:07:37,Node_3,53.75460507031804
2023-08-09 09:16:08,Node_3,47.84651556936818
2023-08-09 10:52:28,Node_3,73.4281598736235
2023-08-09 17:02:46,Node_3,60.16099482478968
2023-08-09 09:48:48,Node_5,81.21211100014797
2023-08-09 17:24:17,Node_3,42.08366230453728
2023-08-09 11:41:06,Node_4,54.34371805321423
2023-08-09 11:55:13,Node_2,80.9061115668939
2023-08-09 12:21:27,Node_1,69.78868561800857
2023-08-09 15:18:03,Node_5,45.005073863173095
2023-08-09 12:44:16,Node_3,38.18332262394888
2023-08-09 11:47:42,Node_4,65.08197508762137
2023-08-09 10:24:21,Node_1,83.28216871053989
2023-08-09 14:18:05,Node_3,64.45002618948305
2023-08-09 17:00:02,Node_3,48.14835046371862
2023-08-09 12:50:45,Node_2,81.70853138728235
2023-08-09 15:15:11,Node_5,49.68756614036945
2023-08-09 11:22:58,Node_1,31.15576557434671
2023-08-09 15:45:21,Node_2,43.0915290412696
2023-08-09 09:51:05,Node_4,69.52162874959993
2023-08-09 10:20:17,Node_4,54.58383298622743
2023-08-09 17:42:14,Node_5,12.143300626021045
2023-08-09 12:52:52,Node_3,60.77090746248391
2023-08-09 13:32:03,Node_2,47.77949897383518
2023-08-09 17:43:14,Node_3,84.4133330906835
2023-08-09 09:35:23,Node_4,75.45325566706576
2023-08-09 13:12:14,Node_1,89.46495276576628
2023-08-09 11:01:36,Node_3,74.56425408540383
2023-08-09 14:40:27,Node_1,86.33802195507862
2023-08-09 10:42:41,Node_5,15.245247269904729
2023-08-09 13:30:53,Node_3,56.24457910222863
2023-08-09 11:54:42,Node_4,74.10148728837521
2023-08-09 08:24:01,Node_3,13.643146314348655
2023-08-09 08:58:27,Node_4,87.21879640951555
2023-08-09 09:57:10,Node_4,69.45153012708505
2023-08-09 08:28:02,Node_1,24.314185101250025
2023-08-09 12:29:55,Node_5,84.6821874543819
2023-08-09 16:41:26,Node_3,28.004758704781967
2023-08-09 11:37:33,Node_5,12.120141736064918
2023-08-09 10:33:24,Node_1,20.00880651482081
2023-08-09 08:28:58,Node_4,54.248372178023416
2023-08-09 08:22:12,Node_2,51.82430511039297
2023-08-09 16:01:58,Node_4,86.14860622050749
2023-08-09 17:27:21,Node_3,47.818108133683296
2023-08-09 15:58:30,Node_1,71.84897945018889
2023-08-09 12:17:00,Node_1,86.64465505323452
2023-08-09 16:36:14,Node_1,41.34875355629495
2023-08-09 16:10:22,Node_5,18.5302474205535
2023-08-09 10:48:18,Node_3,41.68393392295438
2023-08-09 08:31:36,Node_5,47.34795875026687
2023-08-09 12:01:08,Node_4,84.52267474083459
2023-08-09 08:05:53,Node_5,52.40048665424521
2023-08-09 17:34:43,Node_1,85.62632220164328
2023-08-09 11:22:17,Node_4,42.47603155963192
2023-08-09 14:36:51,Node_2,67.70215536062389
2023-08-09 16:08:28,Node_4,79.79364301143431
2023-08-09 08:37:57,Node_5,87.9771587499229
2023-08-09 09:17:15,Node_5,27.62177185608149
2023-08-09 13:57:37,Node_2,80.91638202979529
2023-08-09 13:44:13,Node_3,74.3938535815779
2023-08-09 15:12:24,Node_3,22.70079900163263
2023-08-09 11:47:26,Node_3,59.87309739525149
2023-08-09 09:07:43,Node_4,66.03737739781741
2023-08-09 11:00:39,Node_1,49.946312965979935
2023-08-09 10:57:31,Node_2,64.77576229197965
2023-08-09 10:18:04,Node_5,69.06056230714753
2023-08-09 15:11:15,Node_5,69.52705220018295
2023-08-09 14:44:43,Node_2,46.06128332745699
2023-08-09 14:21:41,Node_5,33.73023409385628
2023-08-09 16:58:05,Node_2,87.17042563388137
2023-08-09 10:57:15,Node_4,75.67779953076901
2023-08-09 13:07:46,Node_1,35.25190363119191
2023-08-09 10:45:10,Node_5,72.40495209588993
2023-08-09 11:56:19,Node_4,65.51625055372901
2023-08-09 09:33:55,Node_5,53.45589062171235
2023-08-09 16:15:07,Node_4,33.4845797538732
2023-08-09 15:47:08,Node_3,59.03182865965072
2023-08-09 09:29:37,Node_2,28.04492280187869
2023-08-09 16:23:23,Node_1,79.80685776556447
2023-08-09 11:22:34,Node_5,65.13202566689554
2023-08-09 12:29:56,Node_3,77.24454033530671
2023-08-09 11:06:00,Node_4,66.5419964567214
2023-08-09 15:55:01,Node_4,60.42617685615633
2023-08-09 12:40:09,Node_4,67.37070718700724
2023-08-09 11:46:24,Node_2,42.0009236322419
2023-08-09 16:57:18,Node_3,33.73068002290672
2023-08-09 09:42:33,Node_5,67.14713400459053
2023-08-09 14:54:22,Node_5,87.16062031521471
2023-08-09 08:09:42,Node_1,58.43764253995598
2023-08-09 13:28:29,Node_3,77.5797859606821
2023-08-09 14:02:11,Node_5,47.57983620240008
2023-08-09 08:03:09,Node_2,56.12753594926636
2023-08-09 13:26:28,Node_1,89.5855526993843
2023-08-09 13:04:02,Node_2,36.84176617997071
2023-08-09 12:19:21,Node_5,45.56112906163261
2023-08-09 15:51:15,Node_1,18.98255934900371
2023-08-09 10:55:50,Node_3,89.77556517816416
2023-08-09 13:54:27,Node_5,70.15822579320411
2023-08-09 15:30:51,Node_4,85.09003919522564
2023-08-09 11:56:09,Node_5,66.94257129591499
2023-08-09 17:28:52,Node_2,48.06651279724914
2023-08-09 13:22:46,Node_1,11.714535109657884
2023-08-09 09:15:20,Node_1,44.2226043736738
2023-08-09 13:58:27,Node_1,56.147203225737925
2023-08-09 16:46:11,Node_3,44.46001044345813
2023-08-09 12:22:11,Node_5,47.95601457733132
2023-08-09 10:32:24,Node_3,72.79246598920265
2023-08-09 08:05:44,Node_5,60.55489150672267
2023-08-09 08:50:11,Node_2,72.66157384138778
2023-08-09 10:51:42,Node_4,78.44772657873565
2023-08-09 16:07:16,Node_4,43.96912273488467
2023-08-09 08:44:28,Node_2,46.498554033641895
2023-08-09 11:59:22,Node_1,65.51160987981262
2023-08-09 08:45:39,Node_1,68.59693210858262
2023-08-09 11:08:27,Node_1,39.071169205074256
2023-08-09 17:11:22,Node_2,54.77156855659207
2023-08-09 09:54:20,Node_1,15.502992890526466
2023-08-09 16:20:55,Node_1,85.6457511994954
2023-08-09 14:09:38,Node_5,50.88072093549464
2023-08-09 10:42:20,Node_2,54.159045187206615
2023-08-09 16:34:51,Node_5,71.43746054163213
2023-08-09 12:42:43,Node_1,63.54397317252205
2023-08-09 15:08:54,Node_4,78.91656943555287
2023-08-09 08:53:32,Node_4,31.69341265622305
2023-08-09 14:08:40,Node_1,73.84010884687228
2023-08-09 17:40:24,Node_2,49.04543658548204
2023-08-09 08:53:14,Node_1,76.96799593894282
2023-08-09 15:02:09,Node_3,80.59863664012623
2023-08-09 11:58:34,Node_1,66.51646997725365
2023-08-09 13:40:23,Node_4,53.31003560292668
2023-08-09 09:39:50,Node_5,74.42066767147037
2023-08-09 14:22:41,Node_4,18.08478946020859
2023-08-09 17:04:01,Node_2,38.64611990701636
2023-08-09 09:14:35,Node_3,49.62286509993704
2023-08-09 15:18:50,Node_2,75.74643078937032
2023-08-09 11:44:41,Node_2,76.9281220836194
2023-08-09 15:33:49,Node_4,12.579161689110192
2023-08-09 09:51:48,Node_3,68.04263631067485
2023-08-09 10:18:48,Node_2,38.76021885428198
2023-08-09 08:52:43,Node_1,52.362973556201815
2023-08-09 15:28:16,Node_4,47.01935111416668
2023-08-09 15:13:45,Node_4,63.39689379221
2023-08-09 09:44:11,Node_3,57.7638123678226
2023-08-09 12:03:45,Node_3,80.46294517003221
2023-08-09 09:12:47,Node_5,67.1263021683292
2023-08-09 08:44:41,Node_3,50.29577265025851
2023-08-09 13:28:00,Node_1,71.69989331584841
2023-08-09 09:27:46,Node_5,72.32897072024886
2023-08-09 15:48:24,Node_2,35.3385466443222
2023-08-09 08:58:55,Node_1,83.99312610084658
2023-08-09 09:02:31,Node_2,64.48442080355883
2023-08-09 10:22:47,Node_5,59.98920263620441
2023-08-09 09:57:16,Node_1,65.53386575800093
2023-08-09 08:56:09,Node_3,43.8041857035034
2023-08-09 13:43:32,Node_3,47.87415294447841
2023-08-09 08:47:22,Node_1,47.17025357095299
2023-08-09 13:04:01,Node_1,41.08445552025317
2023-08-09 10:33:13,Node_2,46.84878399604401
2023-08-09 12:47:01,Node_3,13.878174720336958
2023-08-09 11:56:11,Node_5,87.14344731709421
2023-08-09 13:16:06,Node_1,84.86292342250064
2023-08-09 08:06:45,Node_2,54.35077817854201
2023-08-09 17:45:10,Node_4,50.72361947373586
2023-08-09 09:11:20,Node_1,68.48461143729293
2023-08-09 10:51:23,Node_3,43.01666393973346
2023-08-09 11:02:19,Node_3,75.98662303965777
2023-08-09 09:01:10,Node_2,44.91989783899194
2023-08-09 14:27:38,Node_1,38.473522646951565
2023-08-09 14:45:53,Node_2,51.76542384136979
2023-08-09 08:30:43,Node_1,65.7408643053153
2023-08-09 10:58:36,Node_2,14.727389577804102
2023-08-09 15:05:00,Node_4,55.07189242653689
2023-08-09 13:35:20,Node_3,85.8245527526881
2023-08-09 10:53:30,Node_1,78.17554501716523
2023-08-09 11:49:41,Node_5,12.712083743331002
2023-08-09 09:31:59,Node_5,20.007933199030905
2023-08-09 08:00:38,Node_1,26.675186419105003
2023-08-09 09:30:20,Node_2,49.08423005541201
2023-08-09 14:21:17,Node_1,21.343254655178264
2023-08-09 14:10:05,Node_5,60.0868044744551
2023-08-09 17:53:22,Node_3,83.94692359196017
2023-08-09 17:06:39,Node_2,67.40731579039264
2023-08-09 13:44:40,Node_5,55.08098831704456
2023-08-09 16:23:57,Node_4,68.73519172201236
2023-08-09 12:35:00,Node_3,19.507163315562384
2023-08-09 12:28:58,Node_3,43.24304434559136
2023-08-09 14:19:35,Node_1,72.87922046898045
2023-08-09 16:42:02,Node_2,21.01878070232134
2023-08-09 13:33:46,Node_1,33.935090862524035
2023-08-09 16:45:37,Node_5,58.232787514103926
2023-08-09 13:12:23,Node_4,59.86877283526718
2023-08-09 08:24:05,Node_3,70.1710638119623
2023-08-09 15:32:49,Node_1,74.77365685109085
2023-08-09 17:47:25,Node_4,25.1374598480089
2023-08-09 13:06:32,Node_3,49.58688368998921
2023-08-09 08:06:11,Node_3,74.0378210175221
2023-08-09 12:17:38,Node_3,67.9187021638359
2023-08-09 16:09:59,Node_2,85.91267140278762
2023-08-09 09:15:49,Node_5,56.750957612836686
2023-08-09 12:28:41,Node_3,65.36674422281442
2023-08-09 15:14:09,Node_1,15.486181478119336
2023-08-09 13:18:15,Node_3,22.36924062771432
2023-08-09 12:25:24,Node_2,60.56722995498493
2023-08-09 12:05:32,Node_4,54.97000584504418
2023-08-09 16:31:36,Node_1,15.80506780009772
2023-08-09 09:25:23,Node_4,46.08908177901195
2023-08-09 09:37:00,Node_3,15.011888678875858
2023-08-09 13:41:09,Node_5,71.43462766927325
2023-08-09 14:30:37,Node_5,53.609775823606434
2023-08-09 09:28:25,Node_2,59.52725943158653
2023-08-09 17:37:44,Node_3,60.61621198150719
2023-08-09 10:12:39,Node_5,62.21651518457689
2023-08-09 15:15:23,Node_1,31.285151980814028
2023-08-09 14:08:00,Node_2,87.03530939144099
2023-08-09 09:05:10,Node_4,80.06766852685496
2023-08-09 10:22:41,Node_1,41.317474912960456
2023-08-09 16:53:33,Node_3,74.26329935231087
2023-08-09 08:36:03,Node_5,47.56017382064545
2023-08-09 16:19:01,Node_1,17.696169098095442
2023-08-09 17:50:16,Node_2,56.71220464132308
2023-08-09 09:40:03,Node_3,83.73092661545067
2023-08-09 09:46:28,Node_4,22.30042444311885
2023-08-09 12:09:47,Node_5,45.64793991970969
2023-08-09 11:32:28,Node_4,45.12922188779501
2023-08-09 10:38:46,Node_4,31.342151417394835
2023-08-09 17:33:29,Node_5,51.71214909685602
2023-08-09 12:06:46,Node_5,74.63218132519683
2023-08-09 13:37:32,Node_1,17.6777818279876
2023-08-09 14:47:59,Node_4,49.5759525532419
2023-08-09 10:53:10,Node_3,36.3254753838047
2023-08-09 15:45:51,Node_2,88.04554301189427
2023-08-09 13:32:01,Node_4,41.586971950642166
2023-08-09 15:16:34,Node_1,61.7080165558597
2023-08-09 13:34:44,Node_5,89.6591600385795
2023-08-09 11:15:46,Node_3,34.492263804693586
2023-08-09 10:08:17,Node_2,71.75007748310418
2023-08-09 08:05:56,Node_3,49.07718071981792
2023-08-09 12:05:33,Node_4,63.07000794761216
2023-08-09 10:31:42,Node_3,16.523777263514148
2023-08-09 17:19:21,Node_2,69.74269899288173
2023-08-09 16:39:53,Node_1,65.60243416575351
2023-08-09 11:55:48,Node_4,37.56605015492177
2023-08-09 12:28:57,Node_4,87.13186915399223
2023-08-09 17:13:31,Node_4,78.37860733258428
2023-08-09 10:53:29,Node_3,84.08479723785875
2023-08-09 17:56:06,Node_5,12.219387512928312
2023-08-09 17:32:05,Node_4,88.06838655742754
2023-08-09 14:40:39,Node_3,36.52161446627963
2023-08-09 09:33:00,Node_3,40.70107396330744
2023-08-09 17:02:12,Node_3,37.66055341584456
2023-08-09 13:33:59,Node_1,65.60083401055255
2023-08-09 08:24:39,Node_1,53.84513939150105
2023-08-09 12:30:51,Node_3,47.913219627758856
2023-08-09 08:59:43,Node_2,82.44112540181439
2023-08-09 10:19:28,Node_1,81.33717514466596
2023-08-09 15:05:01,Node_5,84.77629979072697
2023-08-09 09:08:34,Node_4,89.9897274720617
2023-08-09 14:50:16,Node_4,57.653423073252895
2023-08-09 17:59:41,Node_4,24.565876026792868
2023-08-09 13:42:23,Node_5,31.356538033790528
2023-08-09 17:45:40,Node_1,54.458616620135416
2023-08-09 14:38:17,Node_1,86.93696458533827
2023-08-09 08:00:24,Node_1,36.1642722659115
2023-08-09 14:17:59,Node_1,68.46150604718153
2023-08-09 17:49:24,Node_2,78.65175785022112
2023-08-09 17:10:40,Node_3,13.20268674997795
2023-08-09 13:18:41,Node_4,31.30761373162516
2023-08-09 08:22:35,Node_2,84.51986108302145
2023-08-09 10:40:11,Node_5,60.415384710372784
2023-08-09 14:48:36,Node_4,61.00112974084873
2023-08-09 08:02:49,Node_1,66.06483625716416
2023-08-09 15:34:59,Node_3,67.72928351685749
2023-08-09 08:11:14,Node_1,81.74443743740724
2023-08-09 11:22:44,Node_1,70.88008299903812
2023-08-09 11:50:26,Node_2,65.4971395647755
2023-08-09 17:57:27,Node_4,83.94533259712559
2023-08-09 17:01:26,Node_5,87.69762913172039
2023-08-09 09:48:05,Node_1,84.54902823041894
2023-08-09 14:48:18,Node_5,80.98113136584107
2023-08-09 10:44:40,Node_3,85.5120788581312
2023-08-09 11:47:18,Node_4,71.08324381254633
2023-08-09 17:41:04,Node_4,83.61971710504477
2023-08-09 09:13:53,Node_4,53.576931038837145
2023-08-09 09:36:36,Node_2,47.4290265858176
2023-08-09 13:31:02,Node_4,75.44194540535459
2023-08-09 12:24:04,Node_5,83.51756014314336
2023-08-09 16:41:37,Node_3,66.35880535280546
2023-08-09 08:14:57,Node_2,81.14236172730256
2023-08-09 10:44:02,Node_1,47.44044301233164
2023-08-09 13:46:42,Node_4,33.589557062253164
2023-08-09 09:57:40,Node_2,38.52969987868977
2023-08-09 12:05:55,Node_5,88.98661522929788
2023-08-09 12:12:34,Node_1,19.176741966060025
2023-08-09 16:09:52,Node_4,76.25712432357054
2023-08-09 12:51:56,Node_5,21.39263490286596
2023-08-09 14:48:42,Node_5,88.37292715222695
2023-08-09 14:59:19,Node_5,40.39802619447058
2023-08-09 13:35:44,Node_3,82.1553884968084
2023-08-09 16:08:38,Node_2,88.92405658318224
2023-08-09 08:38:34,Node_1,42.430160436402026
2023-08-09 14:29:38,Node_2,23.38260282871688
2023-08-09 09:13:51,Node_2,81.38290124302802
2023-08-09 12:49:04,Node_5,61.83199021711826
2023-08-09 12:45:26,Node_3,49.261556731940274
2023-08-09 14:19:24,Node_2,71.42923622224542
2023-08-09 14:10:34,Node_1,68.66552220922657
2023-08-09 13:05:21,Node_4,85.83131010672989
2023-08-09 10:33:31,Node_1,12.591512118382102
2023-08-09 09:51:46,Node_1,27.951625682236525
2023-08-09 10:37:53,Node_2,78.22451839011653
2023-08-09 12:00:26,Node_2,85.90882907276516
2023-08-09 10:51:21,Node_5,57.91012506081732
2023-08-09 12:42:24,Node_1,71.90538730936535
2023-08-09 14:41:16,Node_2,48.79043584081398
2023-08-09 10:24:15,Node_3,62.24776390610622
2023-08-09 17:05:54,Node_4,22.61877197910841
2023-08-09 17:31:40,Node_1,27.41535707808217
2023-08-09 17:35:12,Node_1,43.458521095171314
2023-08-09 14:04:35,Node_3,44.69397097383815
2023-08-09 15:05:37,Node_3,64.01209762781657
2023-08-09 10:18:12,Node_1,33.19228380751896
2023-08-09 12:41:56,Node_5,48.44949685840295
2023-08-09 11:55:27,Node_4,47.196522557059104
2023-08-09 17:23:09,Node_1,67.00188000995706
2023-08-09 11:38:45,Node_1,20.029615533903492
2023-08-09 10:43:09,Node_5,45.95165643254855
2023-08-09 16:13:46,Node_4,85.33172028073926
2023-08-09 08:58:34,Node_4,52.8986657906526
2023-08-09 17:24:23,Node_5,52.92571822266933
2023-08-09 10:16:10,Node_4,69.63963674099546
2023-08-09 09:49:21,Node_1,62.366217337018426
2023-08-09 17:54:20,Node_3,45.6725733156616
2023-08-09 17:07:15,Node_1,57.58710936266201
2023-08-09 16:22:56,Node_2,60.89950247627258
2023-08-09 15:28:33,Node_2,89.64777918046822
2023-08-09 16:04:57,Node_1,57.94756334617514
2023-08-09 09:18:57,Node_4,49.17149706279724
2023-08-09 11:14:10,Node_2,59.249344854431854
2023-08-09 14:45:13,Node_2,61.36486249336781
2023-08-09 13:34:21,Node_5,51.11582285238875
2023-08-09 13:46:09,Node_2,49.54098833979448
2023-08-09 09:45:35,Node_1,78.76698279598736
2023-08-09 13:56:01,Node_3,61.91586359308851
2023-08-09 12:08:09,Node_1,70.50544652295962
2023-08-09 08:34:24,Node_4,34.98907495880741
2023-08-09 08:59:27,Node_3,28.863427620558504
2023-08-09 09:07:18,Node_2,43.31191926366287
2023-08-09 14:36:26,Node_2,22.022301135501003
2023-08-09 11:17:11,Node_3,67.08619332347993
2023-08-09 10:13:22,Node_3,61.96295792925098
2023-08-09 14:55:27,Node_4,88.780015807958
2023-08-09 14:11:35,Node_4,67.39852036648338
2023-08-09 17:38:44,Node_1,54.56275403916925
2023-08-09 10:59:54,Node_3,80.6448926984337
2023-08-09 09:10:03,Node_5,74.41206242440418
2023-08-09 13:20:35,Node_2,70.84692341228694
2023-08-09 12:12:12,Node_2,55.677945592102745
2023-08-09 10:03:02,Node_2,54.53987350201932
2023-08-09 15:22:14,Node_2,71.72745032461184
2023-08-09 16:40:18,Node_4,15.306291860649504
2023-08-09 16:48:16,Node_2,39.93901968252796
2023-08-09 08:38:08,Node_4,77.0658316654411
2023-08-09 13:23:34,Node_2,47.93240611887717
2023-08-09 14:37:13,Node_4,56.01127770702964
2023-08-09 17:33:48,Node_5,26.687163636437354
2023-08-09 17:29:06,Node_1,56.74650014718605
2023-08-09 12:52:02,Node_2,43.64324573219232
2023-08-09 17:49:47,Node_2,43.07810436415338
2023-08-09 08:16:52,Node_4,67.36782149332218
2023-08-09 08:02:35,Node_2,86.68257070606163
2023-08-09 17:23:59,Node_1,16.976606654545215
2023-08-09 11:01:22,Node_1,71.07153739673336
2023-08-09 15:07:19,Node_3,75.53472954474213
2023-08-09 16:18:54,Node_2,40.46575031747785
2023-08-09 16:13:04,Node_3,66.4959079510575
2023-08-09 12:09:31,Node_5,57.90654757918289
2023-08-09 14:33:46,Node_4,37.5902079556705
2023-08-09 10:28:56,Node_1,33.86807858167404
2023-08-09 11:04:28,Node_2,21.606615996606493
2023-08-09 10:20:53,Node_2,48.70083237082191
2023-08-09 09:48:31,Node_3,24.715591668783592
2023-08-09 08:27:03,Node_4,44.00583290683936
2023-08-09 13:01:40,Node_1,11.46190570180564
2023-08-09 11:55:24,Node_5,50.4065008930906
2023-08-09 17:51:32,Node_3,35.43711990064501
2023-08-09 10:01:03,Node_2,31.91649035140979
2023-08-09 12:00:25,Node_1,85.94725003724986
2023-08-09 09:23:33,Node_2,68.42401929066284
2023-08-09 09:59:34,Node_2,40.90654309013545
2023-08-09 17:18:35,Node_5,44.84217789637274
2023-08-09 13:13:50,Node_1,69.48553580517839
2023-08-09 12:37:25,Node_5,29.158314827932276
2023-08-09 10:27:52,Node_2,73.66876250690015
2023-08-09 08:19:39,Node_5,68.21876986635041
2023-08-09 16:25:47,Node_4,13.931661783608158
2023-08-09 13:34:14,Node_5,74.53082177062105
2023-08-09 15:06:38,Node_2,82.12348760301278
2023-08-09 09:27:42,Node_5,78.69045114774424
2023-08-09 11:17:50,Node_5,17.54749231511169
2023-08-09 13:05:22,Node_1,77.76986546505121
2023-08-09 11:17:22,Node_1,12.97156524512963
2023-08-09 11:25:19,Node_4,79.1814523738521
2023-08-09 17:02:24,Node_4,37.8721305447423
2023-08-09 16:22:38,Node_3,24.545863716759182
2023-08-09 15:24:24,Node_1,24.29067898733311
2023-08-09 09:52:41,Node_4,62.34608845159404
2023-08-09 15:51:17,Node_1,47.16314785599637
2023-08-09 14:42:43,Node_3,44.8814421040243
2023-08-09 09:38:45,Node_4,69.0312839226805
2023-08-09 09:40:57,Node_4,15.688732045622809
2023-08-09 14:42:30,Node_1,74.91186374497966
2023-08-09 17:08:39,Node_3,89.26317589940291
2023-08-09 17:49:33,Node_1,18.700073891501283
2023-08-09 14:37:35,Node_1,69.03123966653389
2023-08-09 09:30:08,Node_2,84.89168565072664
2023-08-09 10:12:09,Node_2,80.66840678249838
2023-08-09 12:53:31,Node_5,32.239818542569616
2023-08-09 12:56:48,Node_1,65.02663011512382
2023-08-09 17:52:59,Node_5,72.8166046665612
2023-08-09 10:09:43,Node_2,25.71431971248313
2023-08-09 13:36:56,Node_1,17.09068774636694
2023-08-09 09:28:49,Node_4,51.95129176681522
2023-08-09 15:58:55,Node_1,66.3659104782532
2023-08-09 10:09:44,Node_5,79.75772313393934
2023-08-09 16:51:48,Node_4,72.41906102740695
2023-08-09 13:47:10,Node_3,52.58516321266726
2023-08-09 10:56:20,Node_4,87.402182670527
2023-08-09 10:12:25,Node_4,37.84320391179073
2023-08-09 14:07:07,Node_2,20.601774657226297
2023-08-09 09:55:12,Node_1,45.69358396609368
2023-08-09 08:10:42,Node_5,49.277594777461466
2023-08-09 12:24:00,Node_2,67.43653178769155
2023-08-09 08:29:17,Node_4,11.18647483184552
2023-08-09 11:01:42,Node_3,65.51205063228475
2023-08-09 16:07:07,Node_3,35.3004671135845
2023-08-09 16:08:19,Node_1,35.45207782901752
2023-08-09 15:23:14,Node_3,62.1879099952512
2023-08-09 09:12:29,Node_3,30.029114093199087
2023-08-09 13:56:00,Node_4,87.31151216010096
2023-08-09 08:58:03,Node_3,42.43643001202388
2023-08-09 16:51:16,Node_2,11.93356737773934
2023-08-09 16:51:07,Node_5,62.30405194715349
2023-08-09 16:53:26,Node_2,16.241658506017398
2023-08-09 16:58:16,Node_1,86.75537649572522
2023-08-09 14:08:56,Node_1,66.13395280484872
2023-08-09 10:58:45,Node_2,77.61998347855896
2023-08-09 10:03:50,Node_5,16.280383545561268
2023-08-09 12:22:53,Node_3,57.81019458185579
2023-08-09 09:06:52,Node_5,89.41349209600446
2023-08-09 08:05:59,Node_1,75.85649239035772
2023-08-09 12:02:24,Node_4,76.71246501192581
2023-08-09 16:11:35,Node_3,87.91451005971834
2023-08-09 09:54:44,Node_3,24.300376200915323
2023-08-09 17:12:40,Node_2,87.3930327263625
2023-08-09 17:18:14,Node_3,63.44269788263404
2023-08-09 14:49:33,Node_3,58.01749418300581
2023-08-09 16:27:44,Node_3,69.29475946833674
2023-08-09 08:22:05,Node_2,34.85562548332923
2023-08-09 15:03:58,Node_2,64.95274072825404
2023-08-09 11:57:07,Node_1,30.912404218984896
2023-08-09 15:33:10,Node_1,58.90789347917931
2023-08-09 16:50:05,Node_1,85.4367571497958
2023-08-09 13:00:49,Node_1,81.20540018140778
2023-08-09 09:11:55,Node_1,48.00430032027919
2023-08-09 14:38:14,Node_4,60.23347576908734
2023-08-09 17:46:06,Node_2,69.0796835526958
2023-08-09 08:55:05,Node_2,59.69185043806134
2023-08-09 12:39:19,Node_4,55.21764476944959
2023-08-09 12:20:37,Node_2,67.49186868309752
2023-08-09 17:19:20,Node_4,19.29674512810923
2023-08-09 09:43:58,Node_4,81.78717274507606
2023-08-09 16:43:23,Node_1,41.70865984765145
2023-08-09 08:24:07,Node_4,52.17859221164306
2023-08-09 12:51:20,Node_5,44.06622301769382
2023-08-09 14:29:30,Node_2,66.51292530628716
2023-08-09 10:23:50,Node_1,55.66780915753165
2023-08-09 14:58:29,Node_2,74.39757636890118
2023-08-09 15:47:36,Node_2,38.94690515783133
2023-08-09 10:05:03,Node_4,67.74723365264273
2023-08-09 12:07:25,Node_4,75.93595372950611
2023-08-09 16:23:21,Node_3,33.667817428980804
2023-08-09 15:08:26,Node_5,83.2512581770297
2023-08-09 16:57:34,Node_2,24.73696107628691
2023-08-09 10:46:26,Node_2,60.86036285164368
2023-08-09 09:42:24,Node_3,86.27369757976604
2023-08-09 11:15:00,Node_2,38.07787428636515
2023-08-09 15:45:19,Node_5,71.16071012748208
2023-08-09 10:08:22,Node_1,50.66316178803429
2023-08-09 17:34:30,Node_1,33.325925569154464
2023-08-09 14:48:20,Node_3,75.23233146702545
2023-08-09 17:48:32,Node_1,36.96825919473368
2023-08-09 15:03:47,Node_2,73.75462381590978
2023-08-09 17:06:58,Node_1,87.34359789448158
2023-08-09 13:14:41,Node_5,32.38186825781764
2023-08-09 14:06:23,Node_4,70.76433882518829
2023-08-09 12:46:32,Node_5,40.652969063942585
2023-08-09 11:06:28,Node_4,36.90669763115277
2023-08-09 12:53:56,Node_5,36.81909638266119
2023-08-09 16:32:25,Node_1,45.78247775705178
2023-08-09 11:48:03,Node_2,52.60911642624973
2023-08-09 16:57:13,Node_2,86.9559821672346
2023-08-09 12:02:29,Node_1,21.66701941963968
2023-08-09 16:56:40,Node_2,46.64076288008264
2023-08-09 09:25:39,Node_1,85.26469485083453
2023-08-09 08:26:48,Node_4,54.10560436153521
2023-08-09 08:49:27,Node_5,13.076575950662264
2023-08-09 14:44:04,Node_5,32.90024112630766
2023-08-09 10:11:02,Node_5,75.19561899426628
2023-08-09 11:51:47,Node_1,68.30501129152249
2023-08-09 15:50:28,Node_3,74.2715057202273
2023-08-09 11:17:27,Node_4,87.2888353131964
2023-08-09 12:58:05,Node_2,87.84362768472442
2023-08-09 14:35:31,Node_2,22.430515672070577
2023-08-09 08:40:45,Node_5,82.40763894501173
2023-08-09 14:02:59,Node_4,53.65527626153464
2023-08-09 11:02:10,Node_1,33.25080540976421
2023-08-09 09:03:57,Node_3,56.20893029344707
2023-08-09 11:50:40,Node_5,65.31085825286239
2023-08-09 13:27:58,Node_1,81.87032914461537
2023-08-09 16:13:35,Node_3,23.334099928475894
2023-08-09 10:25:45,Node_3,34.31132251620576
2023-08-09 14:43:25,Node_5,86.46878715399285
2023-08-09 10:44:30,Node_3,77.02520085978483
2023-08-09 17:53:13,Node_2,68.81367277246386
2023-08-09 14:20:45,Node_5,88.81805138852316
2023-08-09 11:52:04,Node_4,77.67766932265565
2023-08-09 12:02:09,Node_3,20.28822590011724
2023-08-09 13:17:17,Node_5,51.84940060445348
2023-08-09 09:56:15,Node_5,74.40069597563586
2023-08-09 15:02:56,Node_4,15.682866936548765
2023-08-09 16:44:18,Node_1,68.34670250477618
2023-08-09 11:07:15,Node_4,39.73999193293758
2023-08-09 13:00:02,Node_4,14.628294420952574
2023-08-09 15:18:02,Node_1,16.928648123178533
2023-08-09 12:44:17,Node_2,80.55333506668339
2023-08-09 09:28:20,Node_1,52.330271384723474
2023-08-09 15:27:12,Node_1,63.717551696050776
2023-08-09 08:03:55,Node_5,79.61874098866306
2023-08-09 13:13:51,Node_1,54.00382958172787
2023-08-09 08:31:40,Node_3,34.344233563470894
2023-08-09 14:13:58,Node_1,37.56318742083106
2023-08-09 10:01:50,Node_4,35.657561892702034
2023-08-09 09:35:07,Node_2,72.89375971121962
2023-08-09 13:09:42,Node_1,34.78495147093484
2023-08-09 09:32:36,Node_4,86.49182105500483
2023-08-09 11:23:37,Node_4,59.11916001934033
2023-08-09 12:51:52,Node_2,79.06158431505301
2023-08-09 08:54:23,Node_4,79.15198816307787
2023-08-09 11:32:45,Node_2,33.82618660094727
2023-08-09 12:55:00,Node_2,47.93171305730625
2023-08-09 08:55:08,Node_5,78.05292882980739
2023-08-09 17:33:11,Node_1,67.00614070716242
2023-08-09 09:16:59,Node_1,84.21508235386574
2023-08-09 16:11:38,Node_4,73.44237656658864
2023-08-09 15:51:12,Node_2,24.46708453291628
2023-08-09 16:39:13,Node_2,66.52121429530438
2023-08-09 08:28:47,Node_5,68.02256027915939
2023-08-09 09:06:05,Node_1,67.2884719879918
2023-08-09 13:15:08,Node_2,52.77187243919784
2023-08-09 09:56:12,Node_1,13.3373143544161
2023-08-09 09:36:44,Node_4,35.77703759726841
2023-08-09 12:24:22,Node_1,81.36680017873167
2023-08-09 11:40:35,Node_2,28.991743735193776
2023-08-09 12:55:45,Node_4,76.14460753758286
2023-08-09 16:42:36,Node_2,61.735614518552126
2023-08-09 12:10:47,Node_5,12.25052404779107
2023-08-09 12:55:44,Node_3,49.594645401034455
2023-08-09 13:55:35,Node_1,16.81948814166171
2023-08-09 10:18:16,Node_4,81.68539190342254
2023-08-09 09:18:33,Node_3,84.65767976457344
2023-08-09 17:54:09,Node_4,39.6754519569818
